<PAMDataset>
  <Metadata>
    <MDI key="XML_com.adobe.xmp">&lt;x:xmpmeta xmlns:x="adobe:ns:meta/" x:xmptk="XMP Core 6.0.0"&gt;
   &lt;rdf:RDF xmlns:rdf="http://www.w3.org/1999/02/22-rdf-syntax-ns#"&gt;
      &lt;rdf:Description rdf:about=""
            xmlns:tiff="http://ns.adobe.com/tiff/1.0/"
            xmlns:xmp="http://ns.adobe.com/xap/1.0/"&gt;
         &lt;tiff:Orientation&gt;1&lt;/tiff:Orientation&gt;
         &lt;xmp:CreatorTool&gt;Adobe ImageReady&lt;/xmp:CreatorTool&gt;
      &lt;/rdf:Description&gt;
   &lt;/rdf:RDF&gt;
&lt;/x:xmpmeta&gt;
</MDI>
  </Metadata>
  <Metadata domain="IMAGE_STRUCTURE">
    <MDI key="INTERLEAVE">PIXEL</MDI>
  </Metadata>
  <PAMRasterBand band="1">
    <Metadata>
      <MDI key="STATISTICS_MINIMUM">0</MDI>
      <MDI key="STATISTICS_MAXIMUM">255</MDI>
      <MDI key="STATISTICS_MEAN">77.319193506153</MDI>
      <MDI key="STATISTICS_STDDEV">93.074350645771</MDI>
      <MDI key="STATISTICS_VALID_PERCENT">93.24</MDI>
    </Metadata>
  </PAMRasterBand>
  <PAMRasterBand band="2">
    <Metadata>
      <MDI key="STATISTICS_MINIMUM">0</MDI>
      <MDI key="STATISTICS_MAXIMUM">255</MDI>
      <MDI key="STATISTICS_MEAN">129.52736318408</MDI>
      <MDI key="STATISTICS_STDDEV">67.823948222489</MDI>
      <MDI key="STATISTICS_VALID_PERCENT">93.24</MDI>
    </Metadata>
  </PAMRasterBand>
  <PAMRasterBand band="3">
    <Metadata>
      <MDI key="STATISTICS_MINIMUM">0</MDI>
      <MDI key="STATISTICS_MAXIMUM">255</MDI>
      <MDI key="STATISTICS_MEAN">137.20371825085</MDI>
      <MDI key="STATISTICS_STDDEV">61.296927360162</MDI>
      <MDI key="STATISTICS_VALID_PERCENT">93.24</MDI>
    </Metadata>
  </PAMRasterBand>
</PAMDataset>
